,BarcodeSequence,LinkerPrimerSequence,Sample_Name,DavisName,newname,index,ReverseBarcode,Type,Type1,Samplename2,Type2,Pyrocosm,Replicates1,Replicates,Time,Treatment,UniqueID,Sequencingfacility,colors,cex,transparency,Description
S63_S,TCCAATAGCGTG,CG,B090,S63,S63_S,TCCAATAGCGTG,TCCAATAGCGTG,PyrocosmSoilCore,Pyrocosm,Pyrocosm1Neg_N1_T1,Pyrocosm,Pyrocosm1Neg,1,N1,T1,PyrocosmDNA,Pyrocosm1,Davis_seriesB,burlywood4,1.5,0.8,63
S64_S,GGAAGTGAAGTT,CG,B091,S64,S64_S,GGAAGTGAAGTT,GGAAGTGAAGTT,PyrocosmSoilCore,Pyrocosm,Pyrocosm1Neg_N2_T1,Pyrocosm,Pyrocosm1Neg,2,N2,T1,PyrocosmDNA,Pyrocosm2,Davis_seriesB,burlywood4,1.5,0.8,64
S65_S,TATATCCACTGG,CG,B092,S65,S65_S,TATATCCACTGG,TATATCCACTGG,PyrocosmSoilCore,Pyrocosm,Pyrocosm1Neg_N3_T1,Pyrocosm,Pyrocosm1Neg,3,N3,T1,PyrocosmDNA,Pyrocosm3,Davis_seriesB,burlywood4,1.5,1,65
S66_S,GCGTTACACACA,CG,B093,S66,S66_S,GCGTTACACACA,GCGTTACACACA,PyrocosmSoilCore,Pyrocosm,Pyrocosm1Neg_N4_T1,Pyrocosm,Pyrocosm1Neg,4,N4,T1,PyrocosmDNA,Pyrocosm4,Davis_seriesB,burlywood4,1.5,1,66
S67_S,TTGCACGATTGG,CG,B094,S67,S67_S,TTGCACGATTGG,TTGCACGATTGG,PyrocosmSoilCore,Pyrocosm,Pyrocosm1Neg_N1_T2,Pyrocosm,Pyrocosm1Neg,1,N1,T2,PyrocosmDNA,Pyrocosm5,Davis_seriesB,burlywood4,1,0.5,67
S68_S,CTCTGCTAGCCT,CG,B095,S68,S68_S,CTCTGCTAGCCT,CTCTGCTAGCCT,PyrocosmSoilCore,Pyrocosm,Pyrocosm1Neg_N2_T2,Pyrocosm,Pyrocosm1Neg,2,N2,T2,PyrocosmDNA,Pyrocosm6,Davis_seriesB,burlywood4,1,0.5,68
S69_S,GTTCGGAGTGAC,CG,B096,S69,S69_S,GTTCGGAGTGAC,GTTCGGAGTGAC,PyrocosmSoilCore,Pyrocosm,Pyrocosm1Neg_N3_T2,Pyrocosm,Pyrocosm1Neg,3,N3,T2,PyrocosmDNA,Pyrocosm7,Davis_seriesB,burlywood4,1,0.5,69
S70_S,CAGATTTCGGTG,CG,B097,S70,S70_S,CAGATTTCGGTG,CAGATTTCGGTG,PyrocosmSoilCore,Pyrocosm,Pyrocosm1Neg_N4_T2,Pyrocosm,Pyrocosm1Neg,4,N4,T2,PyrocosmDNA,Pyrocosm8,Davis_seriesB,burlywood4,1,0.5,70
S71_S,AGTTCTACGTCA,CG,B098,S71,S71_S,AGTTCTACGTCA,AGTTCTACGTCA,PyrocosmSoilCore,Pyrocosm,Pyrocosm1_F1_T1,Pyrocosm,Pyrocosm1,1,F1,T1,PyrocosmDNA,Pyrocosm9,Davis_seriesB,firebrick1,1.5,0.8,71
S72_S,TAGCCGGCATAG,CG,B099,S72,S72_S,TAGCCGGCATAG,TAGCCGGCATAG,PyrocosmSoilCore,Pyrocosm,Pyrocosm1_F2_T1,Pyrocosm,Pyrocosm1,2,F2,T1,PyrocosmDNA,Pyrocosm10,Davis_seriesB,firebrick1,1.5,0.8,72
S74_S,TCGGTTGGTACA,CG,B101,S74,S74_S,TCGGTTGGTACA,TCGGTTGGTACA,PyrocosmSoilCore,Pyrocosm,Pyrocosm1_F4_T1,Pyrocosm,Pyrocosm1,4,F4,T1,PyrocosmDNA,Pyrocosm12,Davis_seriesB,firebrick1,1.5,0.8,74
S75_S,ACCCTGTACCCT,CG,B102,S75,S75_S,ACCCTGTACCCT,ACCCTGTACCCT,PyrocosmSoilCore,Pyrocosm,Pyrocosm1_F1_T2,Pyrocosm,Pyrocosm1,1,F1,T2,PyrocosmDNA,Pyrocosm13,Davis_seriesB,firebrick1,1,0.5,75
S76_S,GATTAGCACTCT,CG,B103,S76,S76_S,GATTAGCACTCT,GATTAGCACTCT,PyrocosmSoilCore,Pyrocosm,Pyrocosm1_F2_T2,Pyrocosm,Pyrocosm1,2,F2,T2,PyrocosmDNA,Pyrocosm14,Davis_seriesB,firebrick1,1,0.5,76
S77_S,ATAACCCGCCAA,CG,B104,S77,S77_S,ATAACCCGCCAA,ATAACCCGCCAA,PyrocosmSoilCore,Pyrocosm,Pyrocosm1_F3_T2,Pyrocosm,Pyrocosm1,3,F3,T2,PyrocosmDNA,Pyrocosm15,Davis_seriesB,firebrick1,1,0.5,77
S78_S,ATGACCATCGTG,CG,B105,S78,S78_S,ATGACCATCGTG,ATGACCATCGTG,PyrocosmSoilCore,Pyrocosm,Pyrocosm1_F4_T2,Pyrocosm,Pyrocosm1,4,F4,T2,PyrocosmDNA,Pyrocosm16,Davis_seriesB,firebrick1,1,0.5,78
S81_S,ATCTGCCTGGAA,CG,B108,S81,S81_S,ATCTGCCTGGAA,ATCTGCCTGGAA,PyrocosmSoilCore,Pyrocosm,Pyrocosm2_F3_T1,Pyrocosm,Pyrocosm2,3,F3,T1,PyrocosmDNA,Pyrocosm19,Davis_seriesB,darkorange1,1.5,0.8,81
S82_S,CTGGGTACCATA,CG,B109,S82,S82_S,CTGGGTACCATA,CTGGGTACCATA,PyrocosmSoilCore,Pyrocosm,Pyrocosm2_F4_T1,Pyrocosm,Pyrocosm2,4,F4,T1,PyrocosmDNA,Pyrocosm20,Davis_seriesB,darkorange1,1.5,0.8,82
S83_S,CAGCAAAGCGTC,CG,B110,S83,S83_S,CAGCAAAGCGTC,CAGCAAAGCGTC,PyrocosmSoilCore,Pyrocosm,Pyrocosm2_F1_T2,Pyrocosm,Pyrocosm2,1,F1,T2,PyrocosmDNA,Pyrocosm21,Davis_seriesB,darkorange1,1,0.5,83
S84_S,TACAAACCCTGT,CG,B111,S84,S84_S,TACAAACCCTGT,TACAAACCCTGT,PyrocosmSoilCore,Pyrocosm,Pyrocosm2_F2_T2,Pyrocosm,Pyrocosm2,2,F2,T2,PyrocosmDNA,Pyrocosm22,Davis_seriesB,darkorange1,1,0.5,84
S85_S,GATCTCATAGGC,CG,B112,S85,S85_S,GATCTCATAGGC,GATCTCATAGGC,PyrocosmSoilCore,Pyrocosm,Pyrocosm2_F3_T2,Pyrocosm,Pyrocosm2,3,F3,T2,PyrocosmDNA,Pyrocosm23,Davis_seriesB,darkorange1,1,0.5,85
S87_S,GTCTGTTCCGTC,CG,B114,S87,S87_S,GTCTGTTCCGTC,GTCTGTTCCGTC,PyrocosmSoilCore,Pyrocosm,Pyrocosm2_F1_T3,Pyrocosm,Pyrocosm2,1,F1,T3,PyrocosmDNA,Pyrocosm25,Davis_seriesB,darkorange1,0.5,0.3,87
S88_S,TGAAAGCGGTCC,CG,B115,S88,S88_S,TGAAAGCGGTCC,TGAAAGCGGTCC,PyrocosmSoilCore,Pyrocosm,Pyrocosm2_F2_T3,Pyrocosm,Pyrocosm2,2,F2,T3,PyrocosmDNA,Pyrocosm26,Davis_seriesB,darkorange1,0.5,0.3,88
S89_S,CATAGGACCGTG,CG,B116,S89,S89_S,CATAGGACCGTG,CATAGGACCGTG,PyrocosmSoilCore,Pyrocosm,Pyrocosm2_F3_T3,Pyrocosm,Pyrocosm2,3,F3,T3,PyrocosmDNA,Pyrocosm27,Davis_seriesB,darkorange1,0.5,0.3,89
S90_S,CAAACGTCATTC,CG,B117,S90,S90_S,CAAACGTCATTC,CAAACGTCATTC,PyrocosmSoilCore,Pyrocosm,Pyrocosm2_F4_T3,Pyrocosm,Pyrocosm2,4,F4,T3,PyrocosmDNA,Pyrocosm28,Davis_seriesB,darkorange1,0.5,0.3,90